
{
    "region" : "eu-west-1",
    "configuration" : "Debug",
    "framework"     : "netcoreapp3.1",
    "self-contained" : false,
    "application"    : "MyKittyLocation",
    "environment"    : "MyKittyLocation-prod",
    "enable-xray"    : true,
    "enhanced-health-type" : "enhanced",
    "additional-options"   : "",
    "proxy-server"         : "none",
    "solution-stack"       : "64bit Windows Server 2019 v2.5.9 running IIS 10.0",
    "environment-type"     : "SingleInstance",
    "cname"                : "kittywindows",
    "instance-type"        : "t1.micro",
    "key-pair"             : "kitty-db-ec2-keypair",
    "instance-profile"     : "aws-elasticbeanstalk-ec2-role",
    "service-role"         : "aws-elasticbeanstalk-service-role",
    "profile"              : "iwokap",
    "health-check-url"     : "/",
    "iis-website"          : "Default Web Site",
    "app-path"             : "/"
}